Nom_Taxonomique;Noms_valides
?øPSEUDOTOLITHUS SENEGALENSIS;Pseudotolithus senegalensis
3506;Pomadasys sp
4032;Campogramma glaycos
ACANTHOCYBIUM SOLANDRI;Acanthocybium solandri
ACANTHURUS MONROVIAE;Acanthurus monroviae
ACANTHURUS MOROVIAE;Acanthurus monroviae
ADIORYX HASTATUS;Sargocentron hastatus
AJIDAES;Ajidae
ALBULA VULPES;Albula vulpes
ALECTIS ALEXANDRINUS;Alectis alexandrinus
ALEPES AMBLIRHYNCHUS;Hemicaranx bicolor
ALEPOCEPHALUS BARNARDI;Alepocephalus australis
ALLIOTEUTHIS AFRICANA;Alloteuthis africana
ALLOTEUTHIS AFRICANA;Alloteuthis africana
ALLOTEUTHIS SP;Alloteuthis sp
ALLOTEUTHIS SUBULATA;Alloteuthis subulata
ALLUTERUS PUNCTATUS;Aluterus punctatus
ALOPIAS VULPINUS;Alopias vulpinus
ALUTERA BLANKERTI;Aluterus heudelotii
ALUTERA SP;Aluterus sp
ALUTERUS  SCHOEPFII;Aluterus schoepfii
ALUTERUS HEUDELOTII;Aluterus heudelotii
ALUTERUS PUNCTATUS;Aluterus punctatus
ALUTERUS PUNTATUS;Aluterus punctatus
ALUTERUS SCHOEFLII;Aluterus schoepfii
ALUTERUS SCHOEPFII;Aluterus schoepfii
ALUTERUS SP;Aluterus sp
ALUTERUS SPP.;Aluterus sp
ALUTERUS?·SCHOEPFII?·;Aluterus schoepfii
ANCHOA GUINEENSIS;Anchoa guineensis
ANGUILLIFORMES DIVERS;Anguilliformes divers
ANTAGONIA CAPROS;Antigonia capros
ANTENNARIDAE;Antennaridae
ANTENNARIIDAE;Antennaridae
ANTENNARIUS ACCIDENTALIS;Antennarius occidentalis
ANTENNARIUS DELAISI;Antennarius delaisi
ANTENNARIUS OCCIDENTALIS;Antennarius occidentalis
ANTENNARIUS PARDALIS;Antennarius pardalis
ANTENNARIUS SENEGALENSIS;Fowlerichthys senegalensis
ANTENNARIUS SP;Antennarius sp
ANTENNARIUS SPP;Antennarius sp
ANTENNARIUS SPP.;Antennarius sp
ANTENNARIUS STRIATUS;Antennarius striatus
ANTHIA ANTHIAS;Anthias anthias
ANTHIAS ACCRAENSIS;Serranus accraensis
ANTHIAS ANTHIAS;Anthias anthias
ANTHIAS SP;Anthias sp
ANTHIAS SP.;Anthias sp
ANTIGONIA CAPROS;Antigonia capros
APOGON IMBERBIS;Apogon imberbis
APOGONIDAE DIVERS;Apogonidae
APOGONIDAE ET CHILODIPTERIDAE;Apogonidae chilodipteridae
APROS CAPER;Capros aper
APSILUS FUSCUS;Apsilus fuscus
ARAIGN?ÎE DE MER;Araignee mer
ARAIGN?ÎES DE MER;Araignee mer
ARAIGNE DE MER;Araignee mer
ARAIGNEES DE MER DIVERSES;Araignee mer
ARGYEPELICUS GIGAS;Argyropelecus gigas
ARGYROPELECUS GIGAS;Argyropelecus gigas
ARGYROSOA REGIUS;Argyrosomus regius
ARGYROSOMA REGUIS;Argyrosomus regius
ARGYROSOMUS REGIUS;Argyrosomus regius
ARIOA BONDI;Ariomma bondi
ARIOMA BONDI;Ariomma bondi
ARIOMMA BONDI;Ariomma bondi
ARIOSOMA BALEARICUM;Ariosoma balearicum
ARISTEUS ANTENNATUS;Aristeus antennatus
ARISTEUS VARIDENS;Aristeus varidens
ARIUS (JUVENILES + SACS VITELLINS);Arius sp
ARIUS (JUVENILES);Carlarius sp
ARIUS GIGAS;Carlarius gigas
ARIUS HEUDELOTII;Carlarius heudelotii
ARIUS HEUDOLOTII;Carlarius heudelotii
ARIUS LATISCUTATUS;Carlarius latiscutatus
ARIUS MERCATORIS;Carlarius heudelotii
ARIUS PARKII;carlarius parkii
ARIUS SP;Carlarius sp
ARIUS SP (JUVENILES);Carlarius sp
ARNOGLOSSSUS IMPERIALIS;Arnoglossus imperialis
ARNOGLOSSUS CAPENSIS;Arnoglossus capensis
ARNOGLOSSUS IMPERIALIS;Arnoglossus imperialis
ARNOGLOSSUS SP;Arnoglossus sp
ARNOGLOSSUS SP.;Arnoglossus sp
ASCIDIES;Ascidiae
AST?ÎRIDES;Asteridae
ASTERIDAE;Asteridae
ASTERIDES + CRABES;Asterides + crabes
ASTRONESTHES MACROPOGON;Astronesthes macropogon
ASTRONESTHES SP.;Astronesthes sp
ATRACTOSCION AEQUIDENS;Atractoscion aequidens
ATRINA  CHAUTARDI;Atrina chautardi
ATRINA CHAUTARDI;Atrina chautardi
AULOPUS CADENATI;Aulopus cadenati
AULOPUS FILAMENTOSUS;Aulopus filamentosus
AULOPUS SP;Aulopus sp
AUTRES CRUSTACES;Autres crustaces
AUTRES GASTEROPODES (YETTS JUVENILES);Cymbium marmoratum
AVOCETINA INFANS;Avocettina infans
AVOCETTINA INFANS;Avocettina infans
BALISTES  CAPRISCUS;Balistes capriscus
BALISTES  PUNCTATUS;Balistes punctatus
BALISTES CAPRICUS;Balistes capriscus
BALISTES CAPRISCUS;Balistes capriscus
BALISTES CAROLINENSIS;Balistes carolinensis
BALISTES FORCIPATUS;Balistes forcipatus
BALISTES PONCTATUS;Balistes punctatus
BALISTES PUNCTATUS;Balistes punctatus
BALISTES SP;Balistes sp
BALITES PUNCTATUS;Balistes punctatus
BARBANTUS CURVIFRONS;Barbantus curvifrons
BATHYCONGRUS AFRICANUS;Bathycongrus africanus
BATHYCONGRUS SP.;Bathycongrus sp
BATHYGADUS FAVOSUS;Bathygadus favosus
BATHYGADUS GOETHEMI;Bathygadus goethemi
BATHYGADUS SP;Bathygadus sp
BATHYNECTES PIPERITUS;Bathynectes piperitus
BATHYNECTES SP.;Bathynectes sp
BATHYNECTES SUPERBUS;Bathynectes superbus
BATHYPTEROIS VIRIDENSIS;Bathypterois viridensis
BATHYSOLEA POLLI;Bathysolea polli
BATHYSOLEA PROFUNDICOLA;Bathysolea  profundicola
BATHYSOLEA SP.;Bathysolea sp
BATHYSOLEA SPP.;Bathysolea sp
BATRACHOIDES LIBERIENSIS;Batrachoides liberiensis
BATRACHOIDES SP;Batrachoides sp
BATRACHOIDES SPP.;Batrachoides sp
BATRACHOIDIDAE DIVERS;Batrachoididae divers
BATRACOIDES LIBERIENSIS;Batrachoides liberiensis
BATRACOIDES SP;Batrachoides sp
BATROCHOIDES SP;Batrachoides sp
BATYNECTES PIPE‘«™..;Bathynectes piperitus
BAUCHOTIA MARCELLAE;Prognathodes marcellae
BEBROPS HETERURUS;Bembrops heterurus
BEBROPS HEUTERURUS;Bembrops heterurus
BEMBROPS HETERURUS;Bembrops heterurus
BEMBROPS HEUTERURUS;Bembrops heterurus
BEMBROPS SP;Bembrops sp
BEMBROPS SPP.;Bembrops sp
BEMPBROPS HETERURUS;Bembrops heterurus
BERNARD L'HERMITE;Bernard l'hermite
BERYX SP;Beryx sp
BERYX SPLENDENS;Beryx splendens
BERYX SPLENDER;Beryx splendens
BIVALVE;Bivalve
BIVALVES;Bivalves 
BLENNIDAE;Blenniidae
BLENNIDAE SP.;Blenniidae
BLENNIDAES;Blenniidae
BLENNIIDAE SP;Blenniidae
BLENNIIDAES;Blenniidae
BLENNIUS NOANI;Blennius normani
BLENNIUS NORANI;Blennius normani
BLENNIUS NORMANI;Blennius normani
BLENNIUS OSCELLARIS;Blennius ocellaris
BLENNIUS SP;Blennius sp
BLENNUIS NORMANI;Blennius normani
BLENNUS NORMANI;Blennius normani
BODIANIUS SPECIOSUS;Bodianus speciosus
BODIANUS IAGONENSIS;Bodianus iagonensis
BODIANUS SCROFA;Bodianus scrofa
BODIANUS SP;Bodianus sp
BODIANUS SPECIOSUS;Bodianus speciosus
BOOPS BOOPS;Boops boops
BOOPS BOPPS;Boops boops
BOROSTOMIAS ELUCENS;Borostomias elucens
BOTHIUS PODAS;Bothus podas
BOTHUS GUIBEI;Bothus guibei
BOTHUS PODAS;Bothus podas
BOTHUS PODAS AFRICANA;Bothus podas
BOTHUS PODAS AFRICANUS;Bothus podas
BRACHYDEUTERIUS AURITUS;Brachydeuterus auritus
BRACHYDEUTERUS AURITUS;Brachydeuterus auritus
BRACHYDEUTERUS AURRITUS;Brachydeuterus auritus
BRANCHIOSTEGUS SEIFASCIATUS;Branchiostegus semifasciatus
BRANCHIOSTEGUS SEMIFASCATUS;Branchiostegus semifasciatus
BRANCHIOSTEGUS SEMIFASCIASTUS;Branchiostegus semifasciatus
BRANCHIOSTEGUS SEMIFASCIATUS;Branchiostegus semifasciatus
BRANCHIOSTEGUS SEMIFASCITUS;Branchiostegus semifasciatus
BREGMACEROS MCCLELLANDI;Bregmaceros mcclellandi
BROMISCULUS IMBERBIS;Bromisculus imberbis
BROSMICULUS IMBERBIS;Bromisculus imberbis
BROTULA BARBATA;Brotula barbata
BROTULIDAE;Brotulidae
BUFOCERATIAS WEDLI;Bufoceratias wedli
CAELORINCHUS CAELORHINCUS CAELORHINCUS;Caelorinchus caelorhincus
CAELORINCHUS FASCIATUS;Caelorinchus fasciatus
CALAPPA;Calappa calappa
CALAPPA  CALAPPA;Calappa calappa
CALAPPA  RUBROGUTTATA;Calappa rubroguttata
CALAPPA (SP);Calappa sp
CALAPPA GRANULATA;Calappa granulata
CALAPPA PELII;Calappa pelii
CALAPPA PELLI;Calappa pelii
CALAPPA RUBROGUTTATA;Calappa rubroguttata
CALAPPA RUBRUGUTTATA;Calappa rubroguttata
CALAPPA SP;Calappa sp
CALAPPA SP.;Calappa sp
CALAPPA SPP;Calappa sp
CALARS;Calappa calappa
CALARS (JUVENILES);Calappa juveniles
CALINECTES PALLIDUS;Callinectes pallidus
CALLAPA CALLAPA;Calappa calappa
CALLAPPA;Calappa calappa
CALLAPPA SP;Calappa sp
CALLINECTES;Callinectes callinectes
CALLINECTES  SP;Callinectes sp
CALLINECTES  SP.;Callinectes sp
CALLINECTES AMNICOLA;Callinectes amnicola
CALLINECTES GLADIATOR;Callinectes gladiator
CALLINECTES PALLIDUS;Callinectes pallidus
CALLINECTES SP;Callinectes sp
CALLINECTES SP.;Callinectes sp
CALLIONEMUS PHAETON;Callionymus phaeton
CALMAR PROFOND;Calamar profond
CALMAR PROFOND IND?ÎTERMIN?Î;Calamar 
CALMARS;Calamar 
CALMARS ( JUVENILES);Calamar 
CALMARS (JUVENILES);Calamar 
CALMARS DIVERS;Calamar 
CALMARS JUV?ÎNILES;Calamar 
CALMARS JUVENILES;Calamar 
CALMARS SP;Calamar 
CALMARS SP (JUVENILES);Calamar 
CAMPOGRAMMA GLAYCOS;Campogramma glaycos
CAPROS APER;Capros aper
CARANX CARANGUS;Caranx carangus
CARANX CRYSOS;Caranx crysos
CARANX HIPPOS;Caranx hippos
CARANX LUGUBRIS;Caranx lugubris
CARANX RHONCHUS;Caranx rhonchus
CARANX SENEGALLUS;Caranx senegalus
CARANX SENEGALUS;Caranx senegalus
CARANX SP;Caranx sp
CARANX SP.;Caranx sp
CARAPUS ACUS;Carapus acus
CARCHARHINUS BREVIPINNA;Carcharhinus brevipinna
CARCHARHINUS SIGNATUS;Carcharhinus signatus
CARCHARHINUS SP;Carcharhinus sp
CARCHARHINUS SP.;Carcharhinus sp
CARCHARHINUS SPP.;Carcharhinus sp
CARCHARINUS SIGNATUS;Carcharhinus signatus
CARCHARINUS SP.;Carcharhinus sp
CARCHARODON CARCHARIAS;Carcharodon carcharias
CARDIOSOMA ARMATUM;Cardisoma armatum
CARIDAE;Cardiidae
CARIIDAE;Cardiidae
CASSIS TESSELATA;Cassis tessellata
CENTRARCHOPS CHAPINI;Centrarchops chapini
CENTROLOPHUS NIGER;Centrolophus niger
CENTROPHORIDAE;Centrophoridae
CENTROPHORUS;Centrophorus 
CENTROPHORUS GRANULOSA;Centrophorus granulosus
CENTROPHORUS GRANULOSUS;Centrophorus granulosus
CENTROPHORUS IYATO;Centrophorus uyato
CENTROPHORUS LUSITANICUS;Centrophorus lusitanicus
CENTROPHORUS SP;Centrophorus sp
CENTROPHORUS SP.;Centrophorus sp
CENTROPHORUS SQUAMOSUS;Centrophorus squamosus
CENTROPHORUS UYATO;Centrophorus uyato
CENTROSCYLLIUM FABRICII;Centroscyllium fabricii
CENTROSCYLLIUM SP.;Centroscyllium sp
CENTROSCYMNUS CREPIDATER;Centroselachus  crepidater
CEPHALACANTHUS VOLITANS;Cephalacanthus volitans
CEPHALOPHOLIS NIGRI;Cephalopholis nigri
CEPHALOPHOLIS TAENIOPS;Cephalopholis taeniops
CEPHALOPODE;Cephalopode
CEPHALOPODES;Cephalopodes
CEPHALOPOLIS TAENIOPS;Cephalopholis taeniops
CEPOLA MACROPHTHALMA;Cepola macrophthalma
CEPOLA PAUCIRADIATA;Cepola pauciradiata
CEPOLA SP;Cepola sp
CERATIAS HOLBOELI;Ceratias holboelli
CHACEON MARITAE;Chaceon maritae
CHAETODIPTERUS GOREENSIS;Ephippus goreensis
CHAETODIPTERUS LIPPEI;Chaetodipterus lippei
CHAETODIPTERUS SP;Chaetodipterus sp
CHAETODON ARCELLAE;Chaetodon marcellae
CHAETODON GOREENSIS;Chaetodon goreensis
CHAETODON HEOFLERI;Chaetodon heofleri
CHAETODON HOEFLERI;Chaetodon heofleri
CHAETODON MARCELLAAE;Chaetodon marcellae
CHAETODON MARCELLAE;Chaetodon marcellae
CHAETODON ROBUSTUS;Chaetodon robustus
CHAETODON SP;Chaetodon sp
CHAETODON SP.;Chaetodon sp
CHAETODON SPP.;Chaetodon sp
CHAROGNIA SP;Charognia sp
CHARONIA LAMPAS;Charonia lampas
CHARONIA NODIFERA;Charonia nodifera
CHARONIA SP;Charonia sp
CHARONIA SPP;Charonia sp
CHASCANOPSETTA LUGRIBUS;Chascanopsetta lugubris
CHASCANOPSETTA LUGUBRIS;Chascanopsetta lugubris
CHAUNAX PICTUS;Chaunax pictus
CHAUNAX SP.;Chaunax sp
CHELIDONICHTHYS GABONENSIS;Chelidonichthys gabonensis
CHELIDONICHTHYS GABONENSIS (JUVENILES);Chelidonichthys juveniles
CHELIDONICHTHYS LASTOVISA;Chelidonichthys lastovisa
CHELIDONICHTHYS LASTOVIZA;Chelidonichthys lastovisa
CHELIDONICHTHYS LUCERNA;Chelidonichthys lucerna
CHELIDONICHTHYS SP;Chelidonichthys sp
CHELIDONICHTYS LASTOVISA;Chelidonichthys lastovisa
CHELIDOPERCA AFRICANA;Chelidoperca africana
CHELIDOPERCA SP;Chelidoperca sp
CHILIOMYCTERUS RETCULATUS;Chilomycterus reticulatus
CHILOMICTERUS ANTENNATUS;Chilomycterus antennatus
CHILOMYCTERUS ANTENNATUS;Chilomycterus antennatus
CHILOMYCTERUS ANTENNAUS;Chilomycterus antennatus
CHILOMYCTERUS RETICULATIS;Chilomycterus reticulatus
CHILOMYCTERUS RETICULATUS;Chilomycterus reticulatus
CHILOMYCTERUS SP;Chilomycterus sp
CHILOMYCTERUS SP.;Chilomycterus sp
CHILOMYCTERUS SPINOSUS;Chilomycterus spinosus mauretanicus
CHILOMYCTERUS SPINOSUS MAURETANICUS;Chilomycterus spinosus mauretanicus
CHILOMYCTERUS SPINOSUS MAURITAN.;Chilomycterus spinosus mauretanicus
CHILOMYCTERUS SPP.;Chilomycterus sp
CHILOMYCTERUS?·ANTENNATUS;Chilomycterus antennatus
CHILOYCTERUS ANTENNATUS;Chilomycterus antennatus
CHILOYCTERUS RETICULATUS;Chilomycterus reticulatus
CHILOYCTERUS SP;Chilomycterus sp
CHLOROCOMBRUS CHRYSURUS;Chloroscombrus chrysurus
CHLOROPHTALMUS ATLANTICUS;Chlorophthalmus atlanticus
CHLOROPHTHALMUS AGASSIZI;Chlorophthalmus agassizi
CHLOROPHTHALMUS ATLANTICA;Chlorophthalmus atlanticus
CHLOROPHTHALMUS ATLANTICUS;Chlorophthalmus atlanticus
CHLOROPHTHALMUS FRASER BRUENNERI;Parasidus fraserbrunneri
CHLOROPHTHALMUS SP;Chlorophthalmus sp
CHLOROPHTHALMUS SP.;Chlorophthalmus sp
CHLOROPHTHALUS ATLANTICUS;Chlorophthalmus atlanticus
CHLOROSCOMBRUS CHRYSURUS;Chloroscombrus chrysurus
CHLOROTOCUS CRASSICORNIS;Chlorotocus crassicornis
CHONDROSTOMA REGIUM;Chondrostoma regium
CHOROPHTHALMUS ATLANTICUS;Chlorophthalmus atlanticus
CHROIS LINEATUS;Chromis lineatus
CHROMIS CADENATI;Chromis cadenati
CHROMIS CHROMIS;Chromis chromis
CHROMIS LIMBATUS;Chromis limbata
CHROMIS LINEATA;Chromis lineatus
CHROMIS LUMBATUS;Chromis limbata
CHROMIS SP;Chromis sp
CHYLOMICTERUS ANTENNATUS;Chilomycterus antennatus
CHYLOMYCTERUS SPINOSUS;Chylomycterus spinosus
CIGALE;Cigale
CIGALES DE MER;Cigalessmer
CITHARICHTHYS STAMPFLI;Citharichthys stampflii
CITHARICHTHYS STAMPFLII;Citharichthys stampflii
CITHARUS LINGUATULA;Citharus linguatula
CITHARUS MACROLEPIDOTUS;Citharus macrolepidotus
CITHARUS MACROLEPIDOTUS (JUVENILES);Citharus juveniles)
CITHARUS SP;Citharus sp
CITTIS ROSEUS;Cyttopsis rosea
CITTOPSIS  ROSEUS;Cyttopsis rosea
CITTOSUS ROSEUS;Cyttopsis rosea
CITTUS HOLOLEPIS;Zenion hololepis
COELORHYNCHUS COELORHYCHUS;Coelorinchus coelorinchus
COELORHYNCHUS COELORHYNCHUS;Coelorinchus coelorinchus
COELORHYNCHUS SP.;Coelorinchus sp
COELORINCHUS SP;Coelorinchus sp
COLOCONGER CADENATI;Coloconger cadenati
CONGER CONGER;Conger conger
CONGRES INDETERMINES;Congre indetermines
"CONGRES""INDETERMINES";Congre indetermines
CONGRIDAE;Congridae 
CONGRIDAE DIVERS;Congridae divers
COQUILAGES DIVERS;Coquilages divers
COQUILLAGE;Coquillages coquillage
COQUILLAGE + OURSINS;Coquillages oursins
COQUILLAGES;Coquillages coquillages
COQUILLAGES (BIVALVES);Coquillages bivalves
COQUILLAGES + DECHETS;Coquillages dechets
COQUILLAGES + DIVERS;Coquillages divers
COQUILLAGES DIVERS;Coquillages divers
COQUILLES;Coquilles coquilles
COQUILLES DIVERSES;Coquilles diverses
COQUILLES ET OURSINS;Coquilles oursins
CORAIL;Corail
CORAUX;Coraux
CORIS JULIS;Coris julis
CORYPHAENA HIPPURUS;Coryphaena hippurus
CORYPHAENA SP;Coryphaena sp
COTTUNCULOIDES SP.;Cottunculoides sp
COTTUNCULUS SPINOSUS;Cottunculus spinosus
CRABE;Crabe
CRABE SPP;Crabes sp
CRABES;Crabes crabes
CRABES + COQUILLAGES;Crabes coquillages
CRABES DIVERS;Crabes divers
CRABES DIVERS (ENTIERS);Crabes entiers
CRABES SP;Crabes sp
CRABES SP.;Crabes sp
CREVETTES;Crevettes crevettes
CREVETTES DIVERS;Crevettes divers
CREVETTES PROFONDE;Crevettes profonde
CREVETTES SP;Crevettes
CRONIUS RUBER;Cronius ruber
CRUSTAC?ÎS;Crustaces
CRUSTAC?ÎS INCONNUS;Crustaces
CRUSTACES;Crustaces
CYBIU GLANS;Cymbium glans
CYCLICHTHYS ANTENNATUS;Chilomycterus antennatus
CYMBIUM;Cymbium
CYMBIUM CYMBIUM;Cymbium cymbium
CYMBIUM CYMBIUM +              )  2;Cymbium cymbium 
CYMBIUM CYMBIUM +  C. MARMORATUM +;Cymbium marmoratum 
CYMBIUM GLANS;Cymbium glans
CYMBIUM MARMORATA;Cymbium marmoratum
CYMBIUM MARMORATUM;Cymbium marmoratum
CYMBIUM PEPO;Cymbium pepo
CYMBIUM SENEGALENSIS;Cymbium pepo
CYMBIUM SP;Cymbium sp
CYMBIUM SPP.;Cymbium sp
CYMBIUM TRITOMA SENEGALENSIS;Cymbium pepo
CYMBIUM TRITONIS;Cymbium cucumis
CYMBIUM TRITONIS SENEGALENSIS;Cymbium pepo
CYMBIUM TURRICULATUM;Cymbium olla
CYMBIUMS;Cymbium
CYNOGLOSSIDAE DIVERS;Cynoglossidae divers
CYNOGLOSSSUS SP;Cynoglosssus sp
CYNOGLOSSUS BROWNI;Cynoglossus browni
CYNOGLOSSUS CADENATI;Cynoglossus cadenati
CYNOGLOSSUS CANARIENSIS;Cynoglossus canariensis
CYNOGLOSSUS MONODI;Cynoglossus monodi
CYNOGLOSSUS SENEGALENSIS;Cynoglossus senegalensis
CYNOGLOSSUS SENENGALENSIS;Cynoglossus senegalensis
CYNOGLOSSUS SP;Cynoglossus sp
CYNOPNCTICUS FEROX;Cynoponcticus ferox
CYNOPONCTICUS FEROX;Cynoponcticus ferox
CYNOPONTICUS FEROX;Cynoponcticus ferox
CYTTOPSIS  ROSEUS;Cyttopsis roseus
CYTTOPSIS ROSEA;Cyttopsis rosea
CYTTOPSIS ROSEUS;Cyttopsis roseus
CYTTOPSUS ROSEUS;Cyttopsis roseus
CYTTOSUS ROSEUS;Cyttopsis roseus
DACTYLOPTERUS VOLITANS;Dactylopterus volitans
DAENIA CALCEA;Daenia calcea
DAENIA CRIMOUXI;Daenia crimouxi
DALATIAS LICHA;Dalatias licha
DASYATIS CENTROURA;Dasyatis centroura
DASYATIS MARGARITA;Dasyatis margarita
DASYATIS MARMORATA;Dasyatis marmorata
DASYATIS PASTINACA;Dasyatis pastinaca
DASYATIS SP;Dasyatis sp
DEANIA CALCEA;Deania calcea
DEANIA CRIMOUXI;Deania crimouxi
DEANIA PROFUNDORUM;Deania profundorum
DECAPTERUS MACARELLUS;Decapterus macarellus
DECAPTERUS PUNCTATUS;Decapterus punctatus
DECAPTERUS R. + PETITS CARANGID?ÎS;Decapterus et Carangidae
DECAPTERUS RHONCHUS;Decapterus rhonchus
DECAPTERUS RHONCHUS ( JUVENILES);Decapterus juveniles
DECAPTERUS RHONCHUS (JUV.);Decapterus juv.
DECAPTERUS RHONCHUS (JUVENILES );Decapterus juveniles 
DECAPTERUS RHONCHUS(JUVENILES);Decapterus juveniles
DECAPTERUS SP;Decapterus sp
DECAPTERUS SP.;Decapterus sp
DECHETS;Dechets dechets
DECHETS (COQUILLAGES + DIVERS);Dechets divers
DECHETS (COQUILLAGES + OURSINS);Dechets oursins
DECHETS (COQUILLAGES);Dechets coquillages
DECHETS (COQUILLES );Dechets coquilles 
DECHETS (OURSINS + COQUILLAGES);Dechets coquillages
DECHETS (OURSINS);Dechets oursins
DECHETS (OURSINS+COQUILLAGES);Dechets coquillages
DECHETS (OURSINS+EDUSES);Dechets eduses
DECHETS + COQUILLAGES;Dechets coquillages
DECHETS DOLIOL + SALPE);Dechets salpe
DECHETS(ROCHER);Dechets rocher
DENIA CREMOUXI;Denia cremouxi
DENTEX  PROFONDS;Dentex profonds
DENTEX  SP;Dentex sp
DENTEX ACCROMEGALUS;Dentex accromegalus
DENTEX ACROPHTHALUS;Dentex macrophthalmus
DENTEX ANGOLENSIS;Dentex angolensis
DENTEX CANARIENSIS;Dentex canariensis
DENTEX CONGOENSIS;Dentex congoensis
DENTEX FILOSUS;Dentex filosus
DENTEX GIBBOSUS;Dentex gibbosus
DENTEX MACHROPHTHALMUS;Dentex macrophthalmus
DENTEX MACROPHHTALMUS;Dentex macrophthalmus
DENTEX MACROPHTHALMUS;Dentex macrophthalmus
DENTEX MACROPTHALMUS;Dentex  macrophthalmus
DENTEX MAROCCANUS;Dentex maroccanus
DENTEX SP;Dentex sp
DENTEX SP.;Dentex sp
DENTEX SPP.;Dentex sp
DENTEX SPP.+ PAGRUS EHRENBERGI;Dentex  ehrenbergi
DETERMINEE;Determinee determinee
DIASTODON SP.;Diastodon sp
DIASTODON SPECIOSUS;Diastodon speciosus
DIBRANCHUS ATLANTICUS;Dibranchus atlanticus
DICENTRARCHUS PUNCTATUS;Dicentrarchus punctatus
DICERATIAS BISPINOSUS;Diceratias bispinosus
DICERATIAS SPINOSUS;Diceratias spinosus
DICERATIDAE;Diceratidae 
DICILOGOGLOSSA CUNEATA;Dicologlossa cuneata
DICLOGOGLOSSA HEXOPHTAHLMA;Microchirus  hexophtahlmus
DICOLOGAGLOSSA CUNEATA;Dicologlossa cuneata
DICOLOGLOSSA CUNEATA;Dicologlossa cuneata
DICOLOGLOSSA HEXOPHTHALMA;Microchirus  hexophthalmus
DICOLOGOGLOSSA  CUNEATA;Dicologlossa cuneata
DICOLOGOGLOSSA  HEXOPHTHALMA;Microchirus  hexophthalmus
DICOLOGOGLOSSA CUNEATA;Dicologlossa cuneata
DICOLOGOGLOSSA HEXAPHTHALMA;Microchirus  hexophthalmus
DICOLOGOGLOSSA HEXOPHTALMA;Microchirus  hexophthalmus
DICOLOGOGLOSSA HEXOPHTHALA;Microchirus  hexophthalmus
DICOLOGOGLOSSA HEXOPHTHALMA;Microchirus  hexophthalmus
DICOLOGOGLOSSA SP;Microchirus sp
DICOLOGOGLOSSA TRIOPHTHALA;Pegusa  triophthalma
DIODON HOLOCANTHUS;Diodon holocanthus
DIODON HYSTRIX;Diodon hystrix
DIODON MACULATUS;Diodon maculatus
DIODON SP;Diodon sp
DIODON SP.;Diodon sp
DIODON SPECIOSUS;Diodon speciosus
DIODON SPP.;Diodon sp
DIPLODUS BELLOTTI;Diplodus bellottii
DIPLODUS BELLOTTII;Diplodus bellottii
DIPLODUS CERVINUS;Diplodus cervinus
DIPLODUS CERVINUS CERVINUS;Diplodus cervinus
DIPLODUS FASCIATUS;Diplodus fasciatus
DIPLODUS PUNTAZZO;Diplodus sargus puntazzo
DIPLODUS SARGUS;Diplodus sargus
DIPLODUS SARGUS CADENATI;Diplodus sargus cadenati
DIPLODUS SARGUS SARGUS;Diplodus sargus
DIPLODUS SENEGALENSIS;Diplodus bellottii
DIPLODUS SENENGALENSIS;Diplodus bellottii
DIPLODUS SP;Diplodus sp
DIPLODUS SP.;Diplodus sp
DIPLODUS VULGARIS;Diplodus vulgaris
DIPLOPHOS MADERENSIS;Manducus maderensis
DIPLOPHOS SP;Manducus sp
DIPLOPHOS TAENIA;Diplophos taenia
DIRETMUS ARGENTEUS;Diretmus argenteus
DISCOBATIDAE;Discobatidae
DIVERS;Divers divers
DIVERS POISSONS;Divers poissons
DOCOLOGOGLOSSA HEXOPHTHALMA;Microchirus  hexophthalmus
DRACULO SHANGO;Draculo shango
DREPANA AFRICANA;Drepane africana
DREPANE AFRICANA;Drepane africana
ECHELUS MYRUS;Echelus myrus
ECHELUS PACHYRHYNCHUS;Echelus pachyrhynchus
ECHENEIDAE;Echeneidae
ECHENEIS NAUCRATES;Echeneis naucrates
ECHINODERE;Echinoderme
ECHINODERME;Echinoderme
ECHINODERMES;Echinodermes
ECHINUS EXALENTUS;Echinus esculentus
EDUSES;Eduses
ELEDON;Eledone
ELEDONE;Eledone 
ELEDONE MOSCHATA;Eledone moschata
ELEDONE PROFOND IND?ÎTERMIN?Î;Eledone
ELEDONE SP;Eledone sp
ELEDONE SP.;Eledone sp
ELEOTRIS SENEGALENSIS;Eleotris senegalensis
ELODONE SP.;Elodone sp
ELOPS LACERTA;Elops lacerta
ELOPS SENEGALENSIS;Elops senegalensis
ENCHELYCORE NIGRICANS;Enchelycore nigricans
ENGRAULIS ENCRASICOLIS;Engraulis encrasicolus
ENGRAULIS ENCRASICOLUS;Engraulis encrasicolus
EPHIPPION GUITTIFER;Ephippion guttifer
EPHIPPION GUTTIFER;Ephippion guttifer
EPHIPPION GUTTUFER;Ephippion guttifer
EPHIPPUS GOREENSIS;Ephippus goreensis
EPIGONUS CONSTANCIAE;Epigonus constanciae
EPIGONUS DENTICULATUS;Epigonus denticulatus
EPIGONUS SP;Epigonus sp
EPIGONUS SPP.;Epigonus sp
EPIGONUS TELESCOPUS;Epigonus telescopus
EPINEPHELUS AENEUS;Epinephelus aeneus
EPINEPHELUS AENUS;Epinephelus aeneus
EPINEPHELUS ALEXANDRINUS;Epinephelus alexandrinus
EPINEPHELUS CANINUS;Epinephelus caninus
EPINEPHELUS COSTAE;Epinephelus costae
EPINEPHELUS FASCIATUS;Epinephelus fasciatus
EPINEPHELUS GOREENSIS;Epinephelus goreensis
EPINEPHELUS GUAZA;Epinephelus guaza
EPINEPHELUS MARGINATUS;Epinephelus marginatus
EPINEPHELUS SP;Epinephelus sp
EPINEPHELUS SPP.;Epinephelus sp
EPONGE;Eponge
EPONGES;Eponges
ERLUCCIUS SENEGALENSIS;merluccius senegalensis
ERLUCCIUS SP;merluccius sp
ERLUCIUS SP;Merluccius sp
ERYTHROCLES MONODI;Erythrocles monodi
ETHMALOSA FIMBRIATA;Ethmalosa fimbriata
ETMOPTERUS PUSILLUS;Etmopterus pusillus
ETMOPTERUS PUSSILLUS;Etmopterus pusillus
ETOILE DE MER;Etoiles mer
ETOILES DE MER;Etoiles mer
EUCIDARIS TRIBULOIDES;Eucidaris tribuloides
EUCINOPTOMUS MELANOPTERUS;Eucinostomus melanopterus
EUCINOSTEMUS MELANOPTERUS;Eucinostomus melanopterus
EUCINOSTOMUS MELANOPOTERUS;Eucinostomus melanopterus
EUCINOSTOMUS MELANOPTERUS;Eucinostomus melanopterus
EUCYNOSTOMUS MELANOPTERUS;Eucinostomus melanopterus
EUTHYNNUS ALLETERATUS;Euthynnus alleteratus
EUTHYNNUS ALLETTERATUS;Euthynnus alleteratus
FISTULARIA PETIMBA;Fistularia petimba
FISTULARIA SP;Fistularia sp
FISTULARIA SPP.;Fistularia sp
FISTULARIA TABACARIA;Fistularia tabacaria
FISTULARIA TABACCARIA;Fistularia tabacaria
FISTULARIIDAE DIVERS;Fistulariidae divers
GADELLA IMBERBIS;Gadella imberbis
GADIDAE;Gadidae
GAIDROPSARUS MEDITERRANEUS;Gaidropsarus mediterraneus
GALATH?ÎE;Galaths Îe
GALATH?ÎES;Galaths Îes
GALATHEE;Galathees galathee
GALATHEES DIVERSES;Galathees diverses
GALATHES;Galathes 
GALEOCERDO CUVIER;Galeocerdo cuvier
GALEOIDES DECADACTYLUS;Galeoides decadactylus
GALEOIDES DECADACTYLUS (JUVENILES);Galeoides decadactylus
GALEORHINUS GALEUS;Galeorhinus galeus
GALEUS GALEORHINUS;Galeus galeorhinus
GALEUS GALEORHYNUS;Galeus galeorhinus
GALEUS MELASTOMUS;Galeus melastomus
GALEUS POLLI;Galeus polli
GALEUS SP;Galeus sp
GAST?ÎROPODES;Gasteropodes
GASTEROPDES;Gasteropodes
GASTEROPODE;Gasteropode
GASTEROPODES;Gasteropodes
GASTEROPODES + DIVERS;Gasteropodes divers
GEMPYLUS SERPENS;Gempylus serpens
GEPHYROBERYX DARWINI;Gephyroberyx darwini
GEPHYROBERYX DARWINII;Gephyroberyx darwinii
GERION MARITAE;Geryon maritae
GERRES SPP.;Gerres sp
GERYON M;Geryon maritae
GERYON MARITAE;Geryon maritae
GINGLYMOSTOMA CIRRATUM;Ginglymostoma cirratum
GLYPHIUS MARSUPIALIS;Glyphus marsupialis
GLYPHUS MARSPIALIS;Glyphus marsupialis
GLYPHUS MARSUPIALIS;Glyphus marsupialis
GOBBIUS SP;Gobbius sp
GOBIDAE;Gobiidae
GOBIESOCIDAE;Gobiesocidae
GOBIIDAE;Gobiidae
GOBIIDAE SP.;Gobiidae sp
GOBIOIDES  AFRICANUS;Gobioides africanus
GOBIOIDES AFRICANUS;Gobioides africanus
GOBIUS ANGOLENSIS;Gobius angolensis
GOBIUS NIGER;Gobius niger
GOBIUS SENEGALENSIS;Gobius senegalensis
GOBIUS SP;Gobius sp
GONEPLAX ANGULATA;Goneplax angulata
GONOSTOMATIDAE;Gonostomatidae
GRAMMOPLITES GRUVELI;Solitas gruveli
GRAMMOPLITES GRUVELLI;Solitas gruveli
GRAOPLITES  GRUVELI;Solitas gruveli
GRAOPLITES GRUVELI;Solitas gruveli
GUENTHERUS ALTIVELA;Guentherus altivela
GYMNOTHORAX SP;Gymnothorax sp
GYMNOTHORAX VICINUS;Gymnothorax vicinus
GYMNURA ALTAVELA;Gymnura altavela
GYMNURA MICRURA;Gymnura micrura
GYMNURA POECILURA;Gymnura poecilura
GYMNURA SPP.;Gymnura sp
HALOBATRACHUS DIDACTYLUS;Halobatrachus didactylus
HALOSAURUS JOHNSONIANUS;Halosaurus johnsonianus
HALOSAURUS OVENI;Halosaurus oveni
HALOSAURUS OVENII;Halosaurus ovenii
HALOSORUS OWENI;Halosaurus ovenii
HEICARANX BICOLOR;Hemicaranx bicolor
HEICARANX BICOLOR JUVENILES);Hemicaranx bicolor
HELICOLENUS DACTYLOPTERUS;Helicolenus dactylopterus
HELICOLENUS DACTYLOPTERUS DACTYLOPTERUS;Helicolenus dactylopterus
HELICOLONUS DACTYLOPTERUS;Helicolonus dactylopterus
HEMANTOLOPHUS GROENLANDICUS;Hemantolophus groenlandicus
HEMICARANX BICOLOR;Hemicaranx bicolor
HEMIRHAMPHUS BRASILIENSIS;Hemiramphus brasiliensis
HEPTRANCHIAS PERLO;Heptranchias perlo
HERBE;Herbes 
HERBES;Herbes 
HETEROCARPUS ENCIFER;Heterocarpus ensifer
HETEROCARPUS ENSIFER;Heterocarpus ensifer
HETEROCARPUS GRIMALDI;Heterocarpus grimaldi
HETEROCARPUS LUCIFER;Heterocarpus lucifer
HETEROCARPUS SP;Heterocarpus sp
HETEROCUPUS LAEVIGATUS;Heterocupus laevigatus
HETEROPRIACANTHUS CRUENTATUS;Heteropriacanthus cruentatus
HIMANTOLOPHUS GROENLANDICUS;Himantolophus groenlandicus
HIMANTOLOPHUS SP.;Himantolophus sp
HIPPOCAMPE;Hippocampe
HIPPOCAMPUS ERECTUS;Hippocampus erectus
HISTRIO HISTRIO;Histrio histrio
HOLACANTHUS AFRICANUS;Holacanthus africanus
HOLCOMYCTERONUS PROFUNDISSIMUS;Holcomycteronus profundissimus
HOLLOTURIES;Holloturie
HOLOCENTRIDAE DIVERS;Holocentridae divers
HOLOCENTRUS HASTATUS;Holocentrus hastatus
HOLOCENTRUS SP;Holocentrus sp
HOLOCENTRUS SPP.;Holocentrus sp
HOLOSAURUS;Holosaurus  sp
HOLOTHURIA SP.;Holothuria sp
HOLOTHURIE;Holothurie
HOLOTHURIE DIVERSE;Holothurie diverse
HOLOTHURIES;Holothuries holothuries
HOLOTURIE;Holoturie
HOLOTURIES;Holoturies
HOMARD;Homard
HOMOLIDAE;Homolidae
HOPLESTEHUS MEDITERRANEUS;Hoplesthetus mediterraneus
HOPLESTHETUS CADENATI;Hoplesthetus cadenati
HOPLESTHETUS MEDITERRANUS;Hoplesthetus mediterraneus
HOPLOSTETHUS ATLANTICUS;Hoplostethus atlanticus
HOPLOSTETHUS CADENATI;Hoplostethus cadenati
HOPLOSTETHUS MEDITERRANEUS;Hoplostethus mediterraneus
HOPLOSTETHUS MEDITERRANEUS MEDITERRANEUS;Hoplostethus mediterraneus
HOPLOSTETHUS PETROSUS;Hoplostethus petrosus
HOPLOSTETHUS SPP.;Hoplostethus sp
HOPLOSTHETHUS CADENATI;Hoplostethus cadenati
HOPLOSTHETUS CADENATI;Hoplostethus cadenati
HOPLOSTHETUS MEDITERRANEUS;Hoplostethus mediterraneus
HOPLOSTHETUS MEDITERRANUS;Hoplostethus mediterraneus
HOPLOSTHUS CADENATI;Hoplostethus cadenati
HU?ƒTRES;Huitres
HYMENOCEPHALUS ITALICUS;Hymenocephalus italicus
HYMNIS GOREENSIS;Hymnis goreensis
HYPEROGLYPHE MOSELII;Hyperoglyphe moseli
HYPEROGLYPHE PRINGLEI;Hyperoglyphe pringlei
HYPOCAMPUS SP;Hypocampus sp
HYPOCLIDONIA BELLA;Hypoclidonia bella
HYPOCLYDONIA BELLA;Hypoclidonia bella
HYPPOCAMPE;Hyppocampe
ICHROCHIRUS WITTEI;MIcrochirus wittei
ICROCHIRUS  WITTEI;Microchirus wittei
ICROCHIRUS FRECHKOPI;Microchirus frechkopi
ICROCHIRUS HISPIDUS;Microchirus hispidus
ICROCHIRUS VARIEGATUS;Microchirus variegatus
IJIMAIA LOPPEI;Ijimaia loppei
ILISHA AFRICANA;Ilisha africana
ILLEX COINDETII;Illex coindetii
ILLEX COINDETTI;Illex coindetii
ILLEX COINDETTII;Illex coindetii
ILLEX ILLECEBROSUS;Illex illecebrosus
ILLISHA AFRICANA;Illisha africana
ILLLEX COINDETTII;Illlex coindetii
INDETERMIN?Î;IndeterminÈs
ISURUS OXYRHYNCHUS;Isurus oxyrhynchus
KYPHOSUS SECTATRIX;Kyphosus sectatrix
LAEMONEMA LAUREYSI;Laemonema laureysi
LAEMONEMA YARRELLII;Laemonema yarrellii
LAGOCEPHALUS  SPP.;Lagocephalus sp
LAGOCEPHALUS LAEVIGATUS;Lagocephalus laevigatus
LAGOCEPHALUS LAGOCEPHALUS;Lagocephalus lagocephalus
LAGOCEPHALUS LOEVIGATUS;Lagocephalus laevigatus
LAGOCEPHALUS SP;Lagocephalus sp
LAGOCEPHALUS SPADICEUS;Lagocephalus spadiceus
LAMPOGRAMMA EXUTUS;Lampogramma exutus
LAMPOGRAMMUS EXUTUS;Lampogramma exutus
LAMPROGRAMMUS EXUTUS;Lampogramma exutus
LANGOUSTES;Langoustes
LANGOUSTES DIVERSES;Langoustes diverses
LANGOUSTINE;Langoustine
LEPIDOCHELYS OLIVACEA;Lepidochelys olivacea
LEPIDOPUS CAUDATUS;Lepidopus caudatus
LEPIDOTRIGLA CADMANI;Lepidotrigla cadmani
LEPIDOTRIGLA CAROLAE;Lepidotrigla carolae
LEPIDOTRIGLA LOEVISPINNIS;Lepidotrigla loevispinnis
LEPIDOTRIGLA SP;Lepidotrigla sp
LEPIDOTRIGLA SPP.;Lepidotrigla sp
LEPTOCHARIAS SMITHII;Leptocharia smithii
LEPTODERMA MACROPS;Leptoderma macrops
LESTIDIOPS SPHAEROIDES;Lestidiop sphaeroides
LESTIDIOPS SPHYREOIDES;Lestidiop sphyreoides
LESUEURIGOBIUS KOUMANSI;Lesueurigobius koumansi
LETHRINUS ATLANTICUS;Lethrinus atlanticus
LICHIA AMIA;Lichia amia
LICHIA GLAUCA ET VADIGO;Lichia vadigo
LICHIA SP;Lichia sp
LIOCARCINUS CORRIEGATUS;Liocarcinus corrugatus
LIOCARCINUS CORRUGATUS;Liocarcinus corrugatus
LIOCARCINUS PUBER;Liocarcinus puber
LIOCARCINUS SP;Liocarcinus sp
LIOCARCINUS VARIEGATUS;Liocarcinus variegatus
LITHOGNATHUS MORMYRUS;Lithognathus mormyrus
LITHOGNATHUS SP;Lithognathus sp
LITHOGNATHUS SPP.;Lithognathus sp
LITHOGNATUS MORMYRUS;Lithognatus mormyrus
LITHOGNATUS ORYRUS;Lithognatus mormyrus
LITOGNATHUS MORMURUS;Litognathus mormyrus
LITOGNATHUS MORMYRUS;Litognathus mormyrus
LIZA FALCIPINNIS;Liza falcipinnis
LIZA GRANDISQUAMIS;Liza grandisquamis
LIZA RAADA;Liza ramada
LIZA RAMADA;Liza ramada
LIZA SP;Liza sp
LIZA TRICUSPIDENS;Liza tricuspidens
LOBOTES SURINAMENSIS;Lobotes surinamensis
LOLIGO AFRICANA;Loligo africana
LOLIGO FORBESI;Loligo forbesi
LOLIGO SP.;Loligo sp
LOLIGO SPP.;Loligo sp
LOLIGO VULGARIS;Loligo vulgaris
LOLIGO VULGARIS VULGARIS;Loligo vulgaris
LOPHIIDAE;Lophiidae
LOPHIIDAE DIVERS;Lophiidaes divers
LOPHIODES KEMPI;Lophiodess kempi
LOPHIUS BUDEGASA;Lophiuss budegasa
LOPHIUS BUDEGASSA;Lophiuss budegassa
LOPHIUS KEMPI;Lophiuss kempi
LOPHIUS PISCATORIUS;Lophiuss piscatorius
LOPHIUS SP;Lophiuss sp
LOPHUDES KEMPI;Lophudess kempi
LUCIOBROTULA CORETHROMYCTER;Luciobrotulas corethromycter
LUTJANUS AGENNES;Lutjanus agennes
LUTJANUS DENTATUS;Lutjanus dentatus
LUTJANUS FULGENS;Lutjanuss fulgens
LUTJANUS GOREENSIS;Lutjanuss goreensis
LUTJANUS SP;Lutjanuss sp
LUTJANUS SPP.SAUF L.FULGENS;Lutjanuss fulgens
LYCODONTIS AFER;Lycodontiss afer
M?ÎDUSES;Ms Îduses
MACROURIDAE;Macrouridaes macrouridae
MACROURIDAE SP;Macrouridaes sp
MACROUROPLUS VIOLACEUS;Macrouroplus violaceus
MAJA GOLTZIANA;Maja goltziana
MAJA SP;Maja sp
MAJA SQUINADO;Maja squinado
MALACOCEPHALUS  OCCIDENTALIS;Malacocephalus occidentalis
MALACOCEPHALUS  SP;Malacocephalus sp
MALACOCEPHALUS  SPP;Malacocephalus sp
MALACOCEPHALUS LAEVIS;Malacocephalus laevis
MALACOCEPHALUS OCCIDENTALIS;Malacocephalus occidentalis
MALACOCEPHALUS SP;Malacocephalus sp
MALACOCEPHALUS SP.;Malacocephalus sp
MALACOSTEIDAE;Malacosteidae
MALACOSTEUS NIGER;Malacosteus niger
MALOCOCEPHALUS OCCIDENTALIS;Malococephalus occidentalis
MANTA BIROSTRIS;Manta birostris
MEDUSE;Meduses meduse
MEDUSES;Meduses meduses
MELANOGLOEA VENTRALIS;Melanogloea ventralis
MERLUCCIIDAE DIVERS;Merlucciidae
MERLUCCIUS MERLUCCIUS;Merluccius merluccius
MERLUCCIUS POLLI;Merluccius polli
MERLUCCIUS SENEGALENSIS;Merluccius senegalensis
MERLUCCIUS SP;Merluccius sp
MERLUCCIUS SP (JUVENILES);Merluccius sp
MERLUCCIUS SP.;Merluccius sp
MERLUCCIUS SPP.;Merluccius sp
MERLUCIUS SP ( JUVENILE );Merluccius sp
METAPENAEOPSIS MIERSI;Metapenaeopsis miersi
MICCROCU;Miccrocu miccrocu
MICHROCHIRUS SP;Microchirus sp
MICHROCHURUS VITTTEI;Microchirus wittei
MICROCHIRUS  VARIEGATUS;Microchirus variegatus
MICROCHIRUS BOSCANION;Microchirus boscanion
MICROCHIRUS FRECHKOPI;Microchirus frechkopi
MICROCHIRUS HISPIDUS;Microchirus hispidus
MICROCHIRUS OCELLATUS;Microchirus ocellatus
MICROCHIRUS OSCELLATUS;Microchirus ocellatus
MICROCHIRUS SP;Microchirus sp
MICROCHIRUS SP.;Microchirus sp
MICROCHIRUS SPP.;Microchirus sp
MICROCHIRUS THEOPHILA;Microchirus theophila
MICROCHIRUS VARIEGATUS;Microchirus variegatus
MICROCHIRUS WITTEI;Microchirus wittei
MICROCHIURUS WITTEI;Microchirus wittei
MICROCHURUS SP;Microchirus sp
MICROSPATHODON CHRYSURUS;Microspathodon chrysurus
MIRACORVINA ANGOLENSIS;Miracorvina angolensis
MIXINE;Mixine mixine
MOBULA MOBULAR;Mobula mobular
MOBULA ROCHEBRUNEI;Mobula rochebrunei
MOBULA SP;Mobula sp
MOBULIDAE;Mobula sp
MOLA MOLA;Mola mola
MONOCHIRUS HISPIDUS;Microchirus hispidus
MONOCHIRUS SP;Microhirus sp
MONOCHIRUS SP.;Microhirus sp
MONOLEME MICROSTOMA;Monoleme microstoma
MONOLENE MERTENSI;Monolene mertensi
MONOLENE MICROSTOMA;Monolene microstoma
MONOLENE SP;Monolene sp
MONOLENE SPP.;Monolene sp
MONOMITOPUS METRIOSTOMA;Monomitopus metriostoma
MONOMOTIPUS SP;Monomotipus sp
MOULE;Moule
MUGIL BANANENSIS;Mugil bananensis
MUGIL CAPURRII;Mugil capurrii
MUGIL CEPHALUS;Mugil cephalus
MUGIL CUREMA;Mugil curema
MUGIL SP;Mugil sp
MUGIL SP.;Mugil sp
MUGILIDAE;Mugilidae
MUGILS SP;Mugilidae 
MUNIDA IRIS;Munida iris
MUNIDAE;Munidae munidae
MUNIDAE SP.;Munidae sp
MUPUS SP;Mupus sp
MUPUS SPP.;Mupus sp
MURAENA HELENA;Muraena helena
MURAENA SP;Muraena sp
MURAENA SP.;Muraena sp
MURAENIDAE;Muraenidae
MURAENIDAE DIVERS;Muraenidae divers
MURENES DIVERSES;Murenes diverses
MUREX;Murex murex
MUREX CORNITUS;Murex cornutus
MUREX CORNUTUS;Murex cornutus
MUREX DUPLEX;Murex duplex
MUREX SP;Murex sp
MUREX SP.;Murex sp
MUREX SPP.;Murex sp
MUSTELUS MUSTELUS;Mustelus mustelus
MUTELUS MUTELUS;Mustelus mustelus
MYCTEROPERCA RUBRA;Mycteroperca rubra
MYCTOPHIDAE;Myctophidae
MYLIOBATIDAE;Myliobatidae
MYLIOBATIS AQUILA;Myliobatis aquila
MYRICHTHYS PARDALIS;Myrichthys pardalis
MYSTRIOPHIS ROSTELLATUS;Mystriophis rostellatus
MYSTRIOPHIS SP.;Mystriophis sp
MYSTRIOPHIS SPP;Mystriophis sp
MYTRIOPHIS    ROSTELLATUS;Mytriophis rostellatus
MYXINE;Myxine myxine
MYXINE CAPENSIS;Myxine capensis
NAUCRATES DUCTOR;Naucrates ductor
NEMAPLAEMON LATETUS;Nemaplaemonslatetus
NEMATOCARCINUS AFRICANA;Nematocarcinus africana
NEMATOCARCINUS AFRICANUS;Nematocarcinus africanus
NEMATOPALAEMON HASTATUS;Nematopalaemon hastatus
NEMATOPALEAMON HASTATUS;Nematopaleamon hastatus
NEMICHTHYS SCOLAPACEUS;Nemichthys scolapaceus
NEOHARRIOTTA PINNATA;Neoharriotta pinnata
NEPHROPIDAE;Nephropidae
NEPHROPS ATLANTICUS;Nephrops atlanticus
NEPTUNUS VALIDUS (ENTIER);Neptunus sp
NEPTUNUS VALIDUS (PINCES);Neptunus sp
NETTASTOMA MELANURUM;Nettastoma melanurum
NETTASTOMIDAE;Nettastomidae
NEZUMIA AEQUALIS;Nezumia aequalis
NEZUMIA MICRONICODON;Nezumia micronychodon
NEZUMIA MICRONYCODON;Nezumia micronychodon
NICHOLSINA USTA;Nicholsina usta
NOVODIDIA SP;Novodidia  sp
OBLADA MELANURA;Oblada melanura
OBULA ROCHBRUNEI;Obula rochbrunei
OCTOPUS ACROPUS;Octopus acropus
OCTOPUS DEFILIPPI;Octopus defilippi
OCTOPUS MACROPUS;Octopus macropus
OCTOPUS PROFOND IND?ÎTERMIN?Î;Octopus vulgaris
OCTOPUS SP;Octopus sp
OCTOPUS SP.;Octopus sp
OCTOPUS VULAGRIS;Octopus vulgaris
OCTOPUS VULGARIS;Octopus vulgaris
OCTOPUS VULGARUS;Octopus vulgaris
OCULOSPINIS BREVIS;Oculospinis brevis
OLIGOPUS LONGHURSTI;Oligopus longhursti
OLIGOPUS LONHURSTI;Oligopus lonhursti
OMMASTREPHIDAE;Ommastrephidae
OMMASTREPHIDAE DIVERS;Ommastrephidae divers
ONEIRODIDAE SP.;Oneirodidae sp
OPHICHTHIDAE;Ophichthidae
OPHICHTHIDAES;Ophichthidae
OPHICHTHUS OPHIS;Ophichthus ophis
OPHICHTHUS RUFUS;Ophichthus rufus
OPHICHTHUS SP;Ophichthus sp
OPHICHTHYIDAE;Ophichthyidae
OPHICHTIDAE;Ophichtidae
OPHIDAE;Ophidae
OPHIDIIDAE;Ophidiidae
OPHIDIIDAE DIVERS;Ophidiidae
OPHIDION BARBATUM;Ophidion barbatum
OPHIIDAE;Ophiidae
OPHISURUS SERPENS;Ophisurus serpens
OPHIURES;Ophiures ophiures
OPHYCHTHUS SP;Ophychthus sp
OPHYCHTYIDAE;Ophychtyidae
ORCYNOPSIS UNICOLOR;Orcynopsis unicolor
OURSIN;Arbacia lixula
OURSINS;Arbacia lixula
OURSINS + ARRAIGN?ÎES;Arbacia lixula
OURSINS + AST?ÎRIDES;Arbacia lixula
OURSINS + COQUILLAGES;Arbacia lixula
OURSINS + CRUSTAC?ÎS;Arbacia lixula
OURSINS + DIVERS;Arbacia lixula
OURSINS ET COQUILLES;Arbacia lixula
OURSINS+ HUITRES;Arbacia lixula
OXINOTUS CENTRINA;Oxinotus centrina
OXINOTUS SP;Oxinotus sp
OXYNOTUS CENTRINA;Oxynotus centrina
OXYNOTUS PARADOXUS;Oxynotus paradoxus
OXYNOTUS SP.;Oxynotus sp
PACHYGASTER CUTANEUS;Pachygaster cutaneus
PACHYGASTER SPENGLERI;Pachygaster spengleri
PAGELLUS ACARNE;Pagellus acarne
PAGELLUS BELLOTII;Pagellus bellottii
PAGELLUS BELLOTTI;Pagellus bellottii
PAGELLUS BELLOTTII;Pagellus bellottii
PAGELLUS BELLOTTII (JUVENILES);Pagellus bellottii
PAGELLUS BOGARAVEO;Pagellus bogaraveo
PAGELLUS SP;Pagellus sp
PAGELLUS SPP.;Pagellus sp
PAGRUS AFRICANA;Pagrus africana
PAGRUS AFRICANUS;Pagrus africanus
PAGRUS AURIGA;Pagrus auriga
PAGRUS CAERULEOSTICTUS;Pagrus caeruleostictus
PAGRUS CAERULEOSTICTUS (JUVENILES);Pagrus juveniles
PAGRUS PAGRUS;Pagrus pagrus
PAGRUS PAGRUS AFRICANUS;Pagrus africanus
PAGRUS SPP.;Pagrus sp
PAGURE;Pagure
PAGURES;Pagures 
PAGURES + COQUILLAGES;Pagures coquillages
PALAEMON ELEGANS;Palaemon elegans
PALEAMON ELEGANS;Paleamon elegans
PALEAMON SERRATUS;Paleamon serratus
PALEAMON SERRATUS ELEGANS;Paleamon elegans
PALINURICHTHYS PRINGLEI;Palinurichthys pringlei
PALINURICHTHYS SP;Palinurichthys sp
PALINURICHTHYS SPP.;Palinurichthys sp
PALINURIDES;Palinurides
PALINURIS MAURITANICUS;Palinurus mauritanicus
PALINURIS REGIUS;Palinurus regius
PALINURIS SP;Palinurus sp
PALINURUS ELEPHAS;Palinurus elephas
PALINURUS MAURITANICUS;Palinurus mauritanicus
PALINURUS REGIUS;Palinurus regius
PALIRINUS MAURITANICUS;Palinurus mauritanicus
PANULIRIS REGIUS;Palinurus regius
PANULIRUS MAURITANICUS;Palinurus mauritanicus
PANULIRUS REGIUS;Palinurus regius
PARACENTROPRISTIS HETERURUS;Paracentropristis heterurus
PARACONGER NOTIALIS;Paraconger notialis
PARAGALEUS PECTORALIS;Paragaleus pectoralis
PARAMOLA CUVEIRI;Paramola cuveiri
PARAMOLA CUVIERI;Paramola cuvieri
PARANTHIAS FURCIFER;Paranthias furcifer
PARAPANDALUS NARVAL;Parapandalus narval
PARAPENAEOPSIS ATLANTICA;Parapenaeopsis atlantica
PARAPENAEUS LONGIROSTRIS;Parapenaeus longirostris
PARAPENAEUS LONGIROSTRIS (JUVENILES);Parapenaeus juveniles
PARAPENAOPSIS ATLANTICA;Parapenaopsis atlantica
PARAPENEOPSIS ATLANTICA;Parapeneopsis atlantica
PARAPRISTIPOA OCTOLINEATU;Parapristipoma octolineatum
PARAPRISTIPOMA OCTOLINEATUM;Parapristipoma octolineatum
PARAPRISTIPOMA SP.;Parapristipoma sp
PARAPRISTIPOMA SPP.;Parapristipoma sp
PARASIDUS FRASER-BRUENNERI;Parasud fraser bruneri
PARASIDUS FRASERBRUNNERI;Parasud fraser bruneri
PARASUDIS FRASERBRUNNERI;Parasud fraser bruneri
PARASUDUS FRASERBRUNERI;Parasud fraser bruneri
PAROMOLA CUVIERI;Paromola cuvieri
PASIPHAEA SIVADO;Pasiphaea sivado
PASIPHAEDAE;Pasiphaedae
PASIPHAEIDAE;Pasiphaeidae
PASIPHEA SIVADO;Pasiphea sivado
PECTINIDAE;Pectinidae
PEGUSA CADENATI;Pegusa cadenati
PEGUSA HEXOPHTALMA;Pegusa hexophthalma
PEGUSA HEXOPHTHALA;Pegusa hexophthalma
PEGUSA LASCARIS;Pegusa lascaris
PEGUSA SP;Pegusa sp
PEGUSA SPP.;Pegusa sp
PEGUSA TRIOPHTALMA;Pegusa triophthalma
PEGUSA TRIOPHTHALMA;Pegusa triophthalma
PEGUSA TRIOPHTHALMUS;Pegusa triophthalma
PEGUSA TRIOPHTHALUS;Pegusa triophthalma
PENAEUS DUORARUM;Penaeus duorarum
PENAEUS KERATHURUS;Penaeus kerathurus
PENAEUS MONODON;Penaeus monodon
PENAEUS NOTIALIS;Penaeus notialis
PENAEUS NOTILALIS;Penaeus notialis
PENAEUS SP.;Penaeus sp
PENTANEMUS QUINQUARIUS;Pentanemus quinquarius
PENTHEROSCION BIZI;Pentheroscion mbizi
PENTHEROSCION MBIZI;Pentheroscion mbizi
PENTOROSCION MBIZI;Pentheroscion mbizi
PERISTEDION CATAPHRACTRU;Peristedion cataphractum
PERISTEDION CATAPHRACTRUM;Peristedion cataphractum
PERISTEDION CATAPHRACTU;Peristedion cataphractum
PERISTEDION CATAPHRACTUM;Peristedion cataphractum
PERISTEDION CATAPHRATUM;Peristedion cataphractum
PERULIBATRACHUS  ROSSIGNOLI;Perulibatrachus rossignoli
PERULIBATRACHUS ELIMINENSIS;Perulibatrachus eliminensis
PERULIBATRACHUS ROSSIGNOLI;Perulibatrachus rossignoli
PETANEMUS QUINQUARIUS;Pentanemus quinquarius
PHOTICHTHYDAE;Photichthydae
PHOTICHTHYS ARGENTEUS;Photichthys argenteus
PHOTOSMIA;Photosmia photosmia
PHYCIS PHYCIS;Phycis phycis
PHYSICULUS HULOTI;Physiculus huloti
PINNA SP;Pinna sp
PISODONOPHIS SEICINCTUS;Pisodonophis semicinctus
PISODONOPHIS SEMICINCTICUS;Pisodonophis semicinctus
PISODONOPHIS SEMICINCTUS;Pisodonophis semicinctus
PLATYCEPHALIDAE;Platycephalidae
PLATYCEPHALIDAE DIVERS;Platycephalidae
PLECTORHINCHUS MACROLEPIS;Plectorhynchus macrolepis
PLECTORHINCHUS MEDITERRANEUS;Plectorhynchus mediterraneus
PLECTORHYJCHUS MEDITERRANEUS;Plectorhynchus mediterraneus
PLECTORHYNCHUS MACROLEPIS;Plectorhynchus macrolepis
PLECTORHYNCHUS MEDITERRANEUS;Plectorhynchus mediterraneus
PLECTORHYNCHUS MICROLEPIS;Plectorhynchus microlepis
PLECTORHYNCHUS SP;Plectorhynchus sp
PLESIONICA MARTIA;Plesionika martia
PLESIONIKA  MARTIA;Plesionika martia
PLESIONIKA EDWARDSII;Plesionika edwardsii
PLESIONIKA EDWARSIANUS;Plesionika edwardsii
PLESIONIKA EDWARSII;Plesionika edwardsii
PLESIONIKA EDWARSIONUS;Plesionika edwardsii
PLESIONIKA MARTIA;Plesionika martia
PLESIONIKA SP.;Plesionika sp
PLESIONIKA WILLIAMSI;Plesionika williamsi
PLESIONOKA EDWARSIONUS;Plesionika edwardsii
PLESIOPENAEUS EDWARDSIANUS;Plesiopenaeus edwardsianus
PLESIOPENAEUS EDWARDSIONUS;Plesiopenaeus edwardsianus
POADASYS JUBELINI;Poadasys jubelini
POLYCH?ÍTE;Polychetes
POLYCHAETA;Polychetes
POLYCHETES;Polychetes
POLYCHETES SP.;Polychetes
POLYDACTYLUS QUADRIFILIS;Polydactylus quadrifilis
POLYMETME CORYTHAEOLA;Polymetme corythaeola
POMACANTHUS PARU;Pomacanthus paru
POMACENTRIDAE;Pomacentridae
POMADASYS ANDAMANENSIS;Pomadasys andamanensis
POMADASYS INCISUS;Pomadasys incisus
POMADASYS JUBELINI;Pomadasys jubelini
POMADASYS JUBELINII;Pomadasys jubelini
POMADASYS PEROTAEI;Pomadasys perotaei
POMADASYS PEROTETI;Pomadasys peroteti
POMADASYS ROGERI;Pomadasys rogeri
POMADASYS ROGERII;Pomadasys rogeri
POMADASYS SILLIUM;Pomadasys jubelini
POMADASYS SP;Pomadasys sp
POMADASYS SP.;Pomadasys sp
POMADASYS SPP SAUF P. INCISUS;Pomadasys incisus
POMADSYS INCISUS;Pomadasys incisus
POMATOMUS SALTATOR;Pomatomus saltator
POMATOMUS SALTATRIX;Pomatomus saltatrix
POMDASYS PEROTETI;Pomdasys perotaei
PONTINUS KUHLII;Pontinus kuhlii
PONTINUS SP;Pontinus sp
PONTINUS SP.;Pontinus sp
PONTINUS SPP.;Pontinus sp
PONTOPHILUS SP.;Pontophilus sp
POROGADUS SPP.;Porogadus sp
PORTINUS VALIDUS;Portunus validus
PORTUNIDAE;Portunidae
PORTUNIDAE SP.;Portunidae sp
PORTUNUS VALIDUS;Portunus validus
POULPE D'EAU;Poulpe d'eau
POULPE PROFOND;Poulpe profond
POULPE PROFOND IND?ÎTERMIN?Î;Poulpes 
POULPES;Poulpes
PRIACANTHUS ARENATUS;Priacanthus arenatus
PRIACANTHUS SP.;Priacanthus sp
PRIACANTHUS SPP.;Priacanthus sp
PRICANTHUS ARENATUS;Pricanthus arenatus
PRISTIS PECTINATA;Pristis pectinata
PROGNATHODES MARCELLAE;Prognathodes marcellae
PROMETHICHTHYS PROMETEUS;Promethichthys prometheus
PROMETICHTHYS PROMETHEUS;Promethichthys prometheus
PSATHYROCARIS INFIRRMA;Psathyrocaris infirrma
PSETTODES BELCHERI;Psettodes belcheri
PSETTODES BENNETTI;Psettodes bennettii
PSETTODES BENNETTII;Psettodes bennettii
PSETTODES SP;Psettodes sp
PSEUDOTHOLITUS SENEGALENSIS;Pseudotolithus senegalensis
PSEUDOTOLITHUS BRACHYGNATHUS;Pseudotolithus brachygnathus
PSEUDOTOLITHUS BRACHYGNATUS;Pseudotolithus brachygnatus
PSEUDOTOLITHUS ELONGATUS;Pseudotolithus elongatus
PSEUDOTOLITHUS FONTICULUS  ELONGATUS;Pseudotolithus Fonticulus elongatus
PSEUDOTOLITHUS FONTICULUS ELONGATUS;Pseudotolithus Fonticulus elongatus
PSEUDOTOLITHUS FONTI-ELONGATUS;Pseudotolithus Fonticulus elongatus
PSEUDOTOLITHUS MOORII;Pseudotolithus moorii
PSEUDOTOLITHUS SENEGALENSIS;Pseudotolithus senegalensis
PSEUDOTOLITHUS SENEGALLUS;Pseudotolithus senegallus
PSEUDOTOLITHUS SP;Pseudotolithus sp
PSEUDOTOLITHUS SP.;Pseudotolithus sp
PSEUDOTOLITHUS TYPUS;Pseudotolithus typus
PSEUDUPENEUS PRAYENSIS;Pseudupeneus prayensis
PTEROMYLAEUS BOVINUS;Pteromylaeus bovinus
PTEROSCION PELI;Pteroscion peli
PTEROSCION PELLI;Pteroscion peli
PTEROSCIOPN PELI (JUVENILES);Pteroscion juveniles
PTEROTHRISSUS BELLOCI;Pterothrissus bellocii
PTEROTHRISSUS BELLOCII;Pterothrissus bellocii
PTISACHTHYS;Ptisachthys ptisachthys
PUGILINA MORIO;Pugilinas morio
RACHYCENTRON CANADUM;Rachycentron canadum
RAJA ACKLEYI;Raja ackleyi
RAJA ALBA;Raja alba
RAJA BARNARDI;Rajella barnardi
RAJA CLAVATA;Raja clavata
RAJA CONFUNDENS;Rajella confundens
RAJA DOUTREI;Raja doutrei
RAJA LEUCOSTICTA;Raja leucosticta
RAJA MACRORHYNCHA;Raja macrorhyncha
RAJA MIRALETUS;Raja miraletus
RAJA MONTAGUI;Raja montagui
RAJA SP;Raja  sp
RAJA SP.;Raja sp
RAJA STRAELENI;Raja straeleni
RAJA STRAELINI;Raja straeleni
RAJELLA BARNARDI;Rajella barnardi
RAJIDAE;Rajidae
RAJIDAE SP;Rajidae
REMORA;Remora remora
REMORA REMORA;Remora remora
REMORA SP;Remora sp
REMORA SPP.;Remora sp
REQUIN;Requins 
REQUIN IND?ÎTERMIN?Î;Requins 
REQUINS;Requins
REQUINS DIVERS;Requins divers
RHADINESTHES DECIMUS;Rhadinesthes decimus
RHINOBATOS ALBOMACULATATUS;Rhinobatos albomaculatus
RHINOBATOS ATLANTICUS;Rhinochimaera atlantica
RHINOBATOS CEMICULUS;Rhinobatos cemiculus
RHINOBATOS IRVINEI;Rhinobatos irvinei
RHINOBATOS RHINOBATOS;Rhinobatos rhinobatos
RHINOBATOS SCHOENLINII;Rhinobatos schoenlinii
RHINOBATOS SP;Rhinobatos sp
RHINOBATOS SP.;Rhinobatos sp
RHINOBATOS SPP.;Rhinobatos  sp
RHINOPTEA SP.;Rhinoptea sp
RHINOPTERA BONASUS;Rhinoptera bonasus
RHINOPTERA JAVANICA;Rhinoptera javanica
RHINOPTERA MARGINATA;Rhinoptera marginata
RHINOPTERA SP;Rhinoptera sp
RHINOPTERA SP.;Rhinoptera sp
RHINOPTERA SPP.;Rhinoptera sp
RHIPTYCUS SAPONACEUS;Rhiptycus saponaceus
RHIZOPRIONODON ACUTUS;Rhizoprionodon acutus
RHYNCHOBATUS LUEBBERTI;Rhynchobatus luebberti
RHYZIOPRIONODON ACUTUS;Rhyzioprionodon acutus
RIZOPRIONODON ACUTUS;Rizoprionodon acutus
RUVETTUS PR;Ruvettus preciosus
RUVETTUS PRECIOSUS;Ruvettus preciosus
RUVETTUS PRETIOSUS;Ruvettus pretiosus
RYPTICUS SAPONACEUS;Rypticus saponaceus
SARDA SARDA;Sarda sarda
SARDINA PILCHARDUS;Sardina pilchardus
SARDINELLA ADERENSIS;Sardinella maderensis
SARDINELLA AURITA;Sardinella aurita
SARDINELLA AURITA (JUVENILES);Sardinella aurita
SARDINELLA AURITUS;Brachydeuterus auritus
SARDINELLA MADERENSIS;Sardinella maderensis
SARDINELLA SP;Sardinella sp
SARGOCENTRODON HASTATUS;Sargocentron hastatus
SARGOCENTRON HASTATUM;Sargocentron hastatus
SARGOCENTRON HASTATUS;Sargocentron hastatus
SARPA SALPA;Sarpa salpa
SAURIDA BRASILENSIS;Saurida brasiliensis
SAURIDA BRASILIENSIS;Saurida brasiliensis
SAURIDA PARRI;Saurida parri
SAURIDA SP;Saurida sp
SCARUS SP;Scarus sp
SCHEDOPHILUS OVALIS;Schedophilus ovalis
SCHEDOPHILUS PEMARCO;Schedophilus pemarco
SCIAENA UMBRA;Sciaena umbra
SCOBER JAPONICUS;Scomber japonicus
SCOBEROORUS TRITOR;Scomberomorus tritor
SCOMBER JAPONICUS;Scomber japonicus
SCOMBER JAPONUCUS;Scomber japonicus
SCOMBEROMORUS TRITOR;Scomberomorus tritor
SCOMBRIDAE DIVERS;Scombridaes
SCORPAENA ANGOLENSIS;Scorpaena angolensis
SCORPAENA ANGOLENSIS (JUV,);Scorpaenas sp
SCORPAENA ELONGATA;Scorpaena elongata
SCORPAENA ELONGATUS;Scorpaena elongatus
SCORPAENA LAEVIS;Scorpaena laevis
SCORPAENA LOPPEI;Scorpaena loppei
SCORPAENA MADERENSIS;Scorpaena maderensis
SCORPAENA NORMANI;Scorpaena normani
SCORPAENA SCROFA;Scorpaena scrofa
SCORPAENA SP;Scorpaena sp
SCORPAENA SP.;Scorpaena sp
SCORPAENA SPP.;Scorpaena sp
SCORPAENA STEPHANICA;Scorpaena stephanica
SCORPAENIDAE;Scorpaenidaes scorpaenidae
SCORPAENIDAE DIVERS;Scorpaenidaes sp
SCORPAENODES   AFRICANUS;Scorpaenodes africanus
SCORPAENODES ELONGATUS;Scorpaenodes elongatus
SCYACIUM MICRURUM;Scyacium micrurum
SCYCIONA GUALEATA;Scyciona gualeata
SCYLIORHINUS;Scyliorhinus scyliorhinus
SCYLIORHINUS  SP;Scyliorhinus sp
SCYLIORHINUS CANICULA;Scyliorhinus canicula
SCYLIORHINUS SP;Scyliorhinus sp
SCYLIORHINUS SP.;Scyliorhinus sp
SCYLIORHINUS STELLARIS;Scyliorhinus stellaris
SCYLIORHYNUS;Scyliorhynus sp
SCYLLARIDAE;Scyllaridae 
SCYLLARIDAE DIVERS;Scyllaridae divers
SCYLLARIDAE(CIGALES) DIVERS;Scyllaridae divers
SCYLLARIDES;Scyllarides 
SCYLLARIDES (JUVENILES);Scyllarides sp
SCYLLARIDES HERKLOTSI;Scyllarides herklotsii
SCYLLARIDES HERKLOTSII;Scyllarides herklotsii
SCYLLARIDES SP;Scyllarides sp
SCYLLARUS ARCTUS;Scyllarus arctus
SCYLLARUS SP;Scyllarus sp
SCYLLARUS SPP.;Scyllarus sp
SCYLLIORHINUS CANICULA;Scylliorhinus canicula
SCYLLIORHINUS STELLARIS;Scylliorhinus stellaris
SCYLLIORHYNUS CANICULA;Scylliorhynus canicula
SCYMNODON OBSCURUS;Scymnodon obscurus
SCYNCHIROPUS PHAETON;Scynchiropus phaeton
SCYRIS ALEXANDRINUS (JUVENILES);Scyris sp
SEBASTES CAPENSIS;Sebastes capensis
SEICHES;Seiches 
SELAR CRUMENOPHTHALMUS;Selar crumenophthalmus
SELENE DORSALIS;Selene dorsalis
SELENE DOSALIS;Selene dorsalis
SELENE SETAPINNIS;Selene setapinnis
SEPIA BERTHELOTI;Sepia bertheloti
SEPIA ELEGANS;Sepia elegans
SEPIA OFFICINALIS;Sepia officinalis
SEPIA OFFICINALIS DIVERS;Sepia sp
SEPIA OFFICINALIS HERREDA;Sepia hierredda
SEPIA OFFICINALIS HIERRADA;Sepia hierredda
SEPIA OFFICINALIS HIERRADDA;Sepia hierredda
SEPIA OFFICINALIS HIERREDA;Sepia hierredda
SEPIA OFFICINALIS HIERREDDA;Sepia hierredda
SEPIA OFFICINALIS HIERREDDA (JUVENILES);Sepia sp
SEPIA OFFICINALIS HIERREDDA(JUV.);Sepia sp
SEPIA ORBIGNIANA;Sepia orbignyana
SEPIA ORBIGNYANA;Sepia orbignyana
SEPIA ORNATA;Sepia ornata
SEPIA SP;Sepia sp
SEPIA SP.;Sepia sp
SEPIA SPP.;Sepia sp
SEPIELLA ORNATA;Sepiella ornata
SEPIOLA SP;Sepiola sp
SEPIOLA SPP.;Sepiola sp
SEPIOLES;Sepioles sepioles
SEPIOLES SP;Sepiole sp
SERANNUS AFRICANA;Serannus africana
SERIOLA CARPENTERI;Seriola carpenteri
SERIOLA DUMERILI;Seriola dumerili
SERIOLA RIVOLIANA;Seriola rivoliana
SERIOLA SP;Seriola sp
SERRANAUS SCRIBA;Serranus scriba
SERRANUS ACCRAENSIS;Serranus accraensis
SERRANUS ACCRENSIS;Serranus accraensis
SERRANUS AFRICANA;Serranus africanus
SERRANUS AFRICANUS;Serranus africanus
SERRANUS CABRILLA;Serranus cabrilla
SERRANUS SCRIBA;Serranus scriba
SERRANUS SP;Serranus sp
SERRANUS SP.;Serranus  sp
SERRANUS SPP.;Serranus sp
SETARCHES GUENTHERI;Setarches guentheri
SHYNCHIROPUS PHAETON;Shynchiropus phaeton
SICYCIONIA GALEATA;Sicyonia galeata
SICYONA GALEATA;Sicyonia galeata
SICYONIA GALEATA;Sicyonia galeata
SMARIS SP;Spikara sp
SMARIS SPP.;Spikara sp
SOLANOCERA AFRICANA;Solanocera africana
SOLEA HEXOPHTALMA;Solea hexophthalma
SOLEA HEXOPHTHALA;Solea hexophthalma
SOLEA LASCARIS;Solea lascaris
SOLEA SENEGALENSIS;Solea senegalensis
SOLEA SOLEA;Solea solea
SOLEA SP;Solea sp
SOLEA TRIOPHTHALMA;Solea triophthalma
SOLEA VULGARIS;Solea vulgaris
SOLEIDAE;Soleidae
SOLEIDAE SP;Soleidae
SOLENOCERA AFRICANA;Solenocera africana
SOLITAS GRUVELI;Solitas gruveli
SPARIDAE;Sparidae
SPARISOMA  RADIANS;Sparisoma radians
SPARISOMA NOVACULA;Sparisoma novacula
SPARISOMA RUBRIPINNE;Sparisoma rubripinne
SPARISOMA RUBRIPPINE;Sparisoma rubripinne
SPARISOMA SP;Sparisoma sp
SPARUS ACERULEOSTICTUS;Pagrus caeruleostictus
SPARUS AURATA;Pagrus aurata
SPARUS PAGRUS;Pagrus pagrus
SPARUS PAGRUS AFRICANUS;Pagrus africanus
SPHAEROIDES PACHYGASTER;Sphoeroides pachygaster
SPHAEROIDES SPENGLERI;Sphaeroides spengleri
SPHAEROIDES SPINGLERI;Sphaeroides spengleri
SPHAEROIDES SPLENGLERI;Sphaeroides spengleri
SPHAROIDES PACHYGASTER;Sphaeroides pachygaster
SPHEROIDES CUTANEUS;Sphaeroides cutaneus
SPHEROIDES PACHYGASTER;Sphaeroides pachygaster
SPHEROIDES SPENGLERI;Sphaeroides spengleri
SPHOEROIDES PACHYGASTER;Sphoeroides pachygaster
SPHOEROIDES SP;Sphoeroides sp
SPHOEROIDES SPENGLERI;Sphoeroides spengleri
SPHOROIDES SPENGLERI;Sphoeroides spengleri
SPHYARENA GUACHANCHO;Sphyraena guachancho
SPHYRAENA AFRA;Sphyraena afra
SPHYRAENA BARRACUDA;Sphyraena barracuda
SPHYRAENA GUACHANCHO;Sphyraena guachancho
SPHYRAENA GUACHANCHO (JUV.);Sphyraena sp
SPHYRAENA GUACHANCHO (JUVENILES);Sphyraena sp
SPHYRAENA GUACHANCO;Sphyraena guachancho
SPHYRAENA PISCATORUM;Sphyraena piscatorum
SPHYRAENA SP;Sphyraena sp
SPHYRAENA SP (JUVENILES);Sphyraena sp
SPHYRAENA SP.;Sphyraena sp
SPHYRAENA SPHYAENA;Sphyraena sphyraena
SPHYRAENA SPHYARENA;Sphyraena sphyraena
SPHYRAENA SPHYRAENA;Sphyraena sphyraena
SPHYRAENA SPP.;Sphyraena sp
SPHYRAENIDAE DIVERS;Sphyraenidae divers
SPHYRNA COUARDI;Sphyrna couardi
SPHYRNA LEWINI;Sphyrna lewini
SPHYRNA SP;Sphyrna sp
SPHYRNA SP.;Sphyrna sp
SPHYRNA ZYGAENA;Sphyrna zygaena
SPICARA ALTA;Spicara alta
SPICARA MELANURUS;Spicara melanurus
SPODILIOSOMA CANTHARUS;Spondyliosoma cantharus
SPODYLIOSOMA CANTHARUS;Spondyliosoma cantharus
SPONDILIOSOMA CANTHARUS;Spondyliosoma cantharus
SPONDOLIOSOMA CANTHARUS;Spondyliosoma cantharus
SPONDYLIOSOA CANTHARUS;Spondyliosoma cantharus
SPONDYLIOSOMA CANTHARUS;Spondyliosoma cantharus
SPONGIAIRES;Spongiaires 
SQUALIDAE SP.;Squalidae
SQUALUS ACANTHIAS;Squalus acanthias
SQUALUS BLAINVILLEI;Squalus blainvillei
SQUALUS SP;Squalus sp
SQUATINA  OCULATA;Squatina oculata
SQUATINA ACCULATA;Squatina oculata
SQUATINA ACULEATA;Squatina oculata
SQUATINA OCCULATA;Squatina oculata
SQUATINA OCULATA;Squatina oculata
SQUATINA OCULEATA;Squatina oculata
SQUATINA SP;Squatina sp
SQUATINA SP.;Squatina sp
SQUILLA MANTIS;Squilla mantis
STEGASTES LEUCOSTICTUS;Stegastes leucostictus
STEPHANOLEPIS HISPIDUS;Stephanolepis hispidus
STEPHANOLEPSIS HISPIDUS;Stephanolepsis hispidus
STEREOMASTIS SP.;Stereomastis sp
STEREOMATIS SP;Stereomatis sp
STERNOPTICHIDAE;Sternoptichidae
STOMIAS  BOA;Stomias boa
STOMIAS BOA;Stomias boa
STOMIAS BOA BOA;Stomias boa
STROATEUS FIATOLA;Stromateus fiatola
STROMATEIDAE;stromateidae
STROMATEUS FIATOLA;Stromateus fiatola
STRONGYLURA SENEGALENSIS;Strongylura senegalensis
STYLEPHORUS CHORDATUS;Stylephorus chordatus
SYACIM MICRURUM;Syacium micrurum
SYACIU ICRURUR;Syacium micrurum
SYACIUM MICRURUM;Syacium micrurum
SYACUM MICRURUM;Syacium micrurum
SYMPHURUS NIGRESCENS;Symphurus nigrescens
SYMPHURUS SPP.;Symphurus sp
SYNAGROPS BELLA;Synagrops bella
SYNAGROPS BELLUS;Synagrops bellus
SYNAGROPS ICROLEPIS;Synagrops microlepis
SYNAGROPS MACROLEPIS;Synagrops macrolepis
SYNAGROPS MICROLEPIS;Synagrops microlepis
SYNAGROPS SP;Synagrops sp
SYNAPTURA CADENATI;Synaptura cadenati
SYNAPTURA KLEINII;Synapturas kleinii
SYNAPTURA LUSITANICA;Synaptura lusitanica
SYNAPTURA LUSITANICA LUSITANICA;Synaptura lusitanica
SYNAPTURA SP;Synaptura sp
SYNAPTURA SP.;Synaptura sp
SYNAPTURA SPP;Synaptura sp
SYNAPTURA SPP.;Synaptura sp
SYNBRANCHUS AFER;Synbranchus afer
SYNCHIROPUS PHAETON;Synchiropus phaeton
SYNGNATHIDAES;Syngnathidaess syngnathidaes
SYNGNATHUS ACUS;Syngnathus acus
SYNGNATHUS KAUPI;Syngnathus kaupi
SYNGNATHUS PELAGICA;Syngnathus pelagica
SYNGNATHUS PELAGICUS;Syngnathus pelagicus
SYNGNATHUS SP;Syngnathus sp
SYNGNATHUS SP.;Syngnathus sp
SYNODUS SAURUS;Synodus saurus
SYNODUS SP;Synodus sp
SYNODUS SP.;Synodus sp
SYNODUS SYNODUS;Synodus synodus
SYNODUS SYNODUS (JUVENILES);Synodus sp
T. TRECAE + T. TRACHURUS;Trachurus trecae
TAENIURA GRABATA;Taeniura grabata
TALISMANIA SP.;Talismania sp
TELEOSTEENS DIVERS;Teleosteens divers
TETRAGONURUS CUVIERI;Tetragonurus cuvieri
TETRAODONTIDAE;Tetraodontidae
THALASSOMA PAVO;Thalassoma pavo
THOROGOBIUS ANGOLENSIS;Thorogobius angolensis
TODARODES  SAGITTATUS;Todarodes sagittatus
TODARODES SAGITTATUS;Todarodes sagittatus
TODARODES SAGITTATUS SAGITTATTUS;Todarodes sagittatus
TODARODES SAGITTATUS SAGITTATUS;Todarodes sagittatus
TODARODES SP;Todarodes sp
TODAROPSIS EBLANAE;Todaropsis eblanae
TODAROPSIS EBLANE;Todaropsis eblanae
TODAROPSIS EBLENAE;Todaropsis eblanae
TODAROPSIS SP;Todaropsis sp
TODAROPSIS SP.;Todaropsis sp
TODAROSPSIS EBLANAE;Todaropsis eblanae
TODOROPSIS EBLANAE;Todaropsis eblanae
TORPEDINIDAE;Torpedinidae
TORPEDO ARORATA;Torpedo marmorata
TORPEDO BAUCHOTAE;Torpedo bauchotae
TORPEDO CANICULA;Torpedo canicula
TORPEDO FUSCOMATULATA;Torpedo fuscomatulata
TORPEDO MARMORATA;Torpedo marmorata
TORPEDO NOBILIANA;Torpedo nobiliana
TORPEDO SP;Torpedo sp
TORPEDO SP.;Torpedo sp
TORPEDO TORPEDO;Torpedo torpedo
TRACHINIDAE;Trachinidae
TRACHINOCEPHALUS MYOPS;Trachinocephalus myops
TRACHINOCEPHLUS MYOPS;Trachinocephalus myops
TRACHINOTUS GOREENSIS;Trachinotus goreensis
TRACHINOTUS MAXILLOSUS;Trachinotus maxillosus
TRACHINOTUS OVATUS;Trachinotus ovatus
TRACHINOTUS SP;Trachinotus sp
TRACHINOTUS SP.;Trachinotus sp
TRACHINOTUS TERAIA;Trachinotus teraia
TRACHINUS ARANEUS;Trachinus araneus
TRACHINUS ARATUS;Trachinus aratus
TRACHINUS ARENATUS;Trachinus arenatus
TRACHINUS ARMATUS;Trachinus armatus
TRACHINUS DRACO;Trachinus draco
TRACHINUS MAXILLOSUS;Trachinus maxillosus
TRACHINUS PELLEGRINI;Trachinus pellegrini
TRACHINUS PELLIGRINI;Trachinus pellegrini
TRACHINUS RADIATUS;Trachinus radiatus
TRACHINUS RADIUS;Trachinus radiatus
TRACHINUS SP;Trachinus sp
TRACHINUS SP.;Trachinus sp
TRACHIPTERUS TRACHYPTERUS;Trachipterus trachypterus
TRACHURUS ECA;Trachurus trecae
TRACHURUS SP;Trachurus sp
TRACHURUS SP.;Trachurus sp
TRACHURUS TRACHURUS;Trachurus trachurus
TRACHURUS TRECAE;Trachurus trecae
TRACHYNOCEPHALUS MYOPS;Trachynocephalus myops
TRACHYPTERUS TRACHIPTERUS;Trachypterus trachypterus
TRACHYRHINCHUS SCABRUS;Trachyrincus scabrus
TRACHYRHYNCHUS SCABRUS;Trachyrhincus scabrus
TRACHYRHYNCHUS SP.;Trachyrhincus sp
TRACHYRINCHUS SCABRUS;Trachyrincus scabrus
TRACHYRINCHUS SP;Trachyrincus sp
TRACHYRINCUS SCABRUS;Trachyrincus scabrus
TRACHYSCORPIA CRISTULATA;Trachyscorpia cristulata
TRIAKIDAE;Triakidae
TRICHIRUS LEPTURUS;Trichiurus lepturus
TRICHIURUS  LEPTURUS;Trichiurus lepturus
TRICHIURUS LEPTURUS;Trichiurus lepturus
TRICHUIRUS LEPTURUS;Trichiurus lepturus
TRIGLA CAROLAE;Lepidotrigla carolae
TRIGLA LASTOVIZA;Chelidonichthys lastovisa
TRIGLA LINEATA;Trigla lineata
TRIGLA LUCERNA;Chelidonichthys lucerna
TRIGLA LYRA;Trigla lyra
TRIGLA SP;Trigla sp
TRIGLA SP.;Trigla sp
TRIGLA SPP.;Trigla sp
TRIGLIDAE;Trigla sp
TRYGLA LYRA;Trygla lyra
UBRINA CANARIENSIS;Umbrina canariensis
UGIL SP;Mugil sp
UMBRINA CANARIENSIS;Umbrina canariensis
UMBRINA CANARIENSIS (JUV);Umbrina canariensis
UMBRINA SP;Umbrina sp
UMBRINA SPP.;Umbrina sp
UMBRINA STEINDACHNERI;Umbrina steindachneri
URALEPTUS MARALDI;Uraleptus maraldi
URANOSCOPUS  POLLI;Uranoscopus polli
URANOSCOPUS ALBESCA;Uranoscopus albesca
URANOSCOPUS CADENATI;Uranoscopus cadenati
URANOSCOPUS CADENATII;Uranoscopus cadenati
URANOSCOPUS POLLI;Uranoscopus polli
URANOSCOPUS SP;Uranoscopus sp
URANOSCOPUS SP.;Uranoscopus sp
URANOSCOPUS SPP.;Uranoscopus sp
URANUSCOPUS POLLI;Uranoscopus polli
URASPIS SECUNDA;Uraspis secunda
UREX CORNUTUS;Urex cornutus
UREX DUPLEX;Urex duplex
VANSTRAELENIA + DICOLOGOGLOSSA;Vanstraelenia dicologoglossa
VANSTRAELENIA CHIROPHTALMUS;Vanstraelenia chirophthalmus
VANSTRAELENIA CHIROPHTHALMA;Vanstraelenia chirophthalma
VANSTRAELENIA CHIROPHTHALMUS;Vanstraelenia chirophthalmus
VIOLET;Violets violet
VIOLETS;Violets
VOMER SETAPINNIS;Vomer setapinnis
XENODERMICHTHYS COPEI;Xenodermichthys copei
XENODERMICHTHYS COPPEI;Xenodermichthys copei
XIPHIAS GLADIUS;Xiphias gladius
XIPHIIDAE DIVERS;Xiphiidae
XYRICHTHYS NOVACULA;Xyrichtys novacula
XYRICHTYS NOVACULA;Xyrichtys novacula
YARELLA BLACKFORDI;Yarella blackfordi
YARELLA BLACKFORDII;Yarella blackfordi
YLIOBATUS AQUILA;Myliobatis aquila
ZANOBATHUS ATLANTICUS;Zanobathus atlanticus
ZANOBATOS SP;Zanobatus sp
ZANOBATOS ZANOBATOS;Zanobatus zanobatus
ZANOBATUS ATLANTICUS;Zanobatus atlanticus
ZANOBATUS SCHOENLEINII;Zanobatus schoenleinii
ZANOBATUS SHOENLEINII;Zanobatus schoenleinii
ZENION HOLOLEPIS;Zenion hololepis
ZENOPSIS CONCHIFER;Zenopsis conchifer
ZEUS FABER;Zeus faber
ZEUS FABER MAURITANICUS (JUV.);Zeus faber
ZEUS FABER MAURITANICUS (JUVENILES );Zeus faber
